Dosya Adƒ±,√ñzet
sample_lab_report.txt,"<div class=""patient-info-card""><h5><i class=""fas fa-user-circle me-2""></i>Patient Information</h5><div class=""row""><div class=""col-md-3""><strong>Name:</strong> Berat Erol √áelik</div><div class=""col-md-3""><strong>Age:</strong> 21</div><div class=""col-md-3""><strong>Gender:</strong> Male</div><div class=""col-md-3""><strong>Date:</strong> Tarih: 16 Eyl√ºl 2025</div></div></div><br><p><h3 class=""report-title""><i class=""fas fa-file-medical-alt""></i> Comprehensive Lab Report Analysis</h3></p>
<br>
<p><h4 class=""section-header""><i class=""fas fa-user""></i> Patient Overview</h4></p>
<p>Berat Erol √áelik, a 21-year-old male patient.</p>
<br>
<p><h4 class=""section-header critical-section""><i class=""fas fa-exclamation-triangle""></i> Critical Findings</h4></p>
<br>
<ul class=""medical-findings-critical"">
<li>Hemoglobin (Hb): 13.2 g/dL üôÖ‚Äç‚ôÇÔ∏è (Normal range: 13.5‚Äì17.5 g/dL)</li>
<li>Low hemoglobin levels indicate a potential risk for anemia.</li>
<li>Anemia can lead to fatigue, weakness, and shortness of breath.</li>
</ul>
<br>
<ul class=""medical-findings-critical"">
<li>ALT (SGPT): 45 U/L <span class=""abnormal-value""><i class=""fas fa-exclamation-circle me-1""></i> </span> (Normal range: 0‚Äì40 U/L)</li>
<li>Elevated liver enzyme levels may suggest liver damage or inflammation.</li>
<li>Possible causes include viral infections, medications, or other medical conditions.</li>
</ul>
<br>
<p><h4 class=""section-header""><i class=""fas fa-clipboard-list""></i> Detailed Results</h4></p>
<br>
<ul class=""medical-findings"">
<li>Hematocrit (Hct):</li>
<li>Value: Not provided</li>
<li>Normal range: Not provided</li>
</ul>
<br>
<ul class=""medical-findings"">
<li>White Blood Cell Count (WBC):</li>
<li>Value: 6.8 x10^3/¬µL <span class=""abnormal-value""><i class=""fas fa-exclamation-circle me-1""></i> </span> (Normal range: 4‚Äì10 x10^3/¬µL)</li>
<li>Low WBC count may indicate a weakened immune system.</li>
<li>Possible causes include infection, medication side effects, or other medical conditions.</li>
</ul>
<br>
<ul class=""medical-findings"">
<li>Lipid Profile:</li>
<li>Cholesterol:</li>
<li>Value: 210 mg/dL <span class=""abnormal-value""><i class=""fas fa-exclamation-circle me-1""></i> </span> (Normal range: <200 mg/dL)</li>
<li>Elevated cholesterol levels can increase the risk of heart disease and stroke.</li>
<li>Lifestyle changes and medications may be necessary to manage this condition.</li>
</ul>
<br>
<ul class=""medical-findings"">
<li>ALT and AST Liver Enzymes:</li>
<li>ALT: 45 U/L <span class=""abnormal-value""><i class=""fas fa-exclamation-circle me-1""></i> </span></li>
<li>AST: 38 U/L <span class=""abnormal-value""><i class=""fas fa-exclamation-circle me-1""></i> </span></li>
<li>Elevated liver enzyme levels may suggest liver damage or inflammation.</li>
<li>Possible causes include viral infections, medications, or other medical conditions.</li>
</ul>
<br>
<p><h4 class=""section-header recommendation-section""><i class=""fas fa-heartbeat""></i> Health Recommendations</h4></p>
<br>
<ul class=""medical-findings"">
<li>Regularly consume iron-rich foods to support anemia prevention and management.</li>
<li>Maintain a balanced diet and exercise regularly to help manage cholesterol levels.</li>
<li>Consider consulting with a healthcare professional about possible liver damage or inflammation caused by elevated ALT and AST levels.</li>
<li>Get enough sleep, practice stress-reducing techniques, and stay hydrated to support immune function.</li>
</ul>"
